ModelFile;PositionX;PositionY;PositionZ;RotationX;RotationY;RotationZ;RotationW;ScaleFactor;ModelId;Type;FileDataID;DoodadSetIndexes;DoodadSetNames
..\..\world\azeroth\elwynn\passivedoodads\trees\elwynntreecanopy03.obj;18697.890625;52.384246826171875;26808.765625;0;322.50250244140625;0;;1.1337890625;21656;m2;189929;0;
..\..\world\azeroth\redridge\passivedoodads\trees\redridgetreecanopy03.obj;19171.94140625;60.11594009399414;26712.0078125;0;305;0;;1.0595703125;21635;m2;190123;0;
..\..\world\azeroth\redridge\passivedoodads\trees\redridgetreecanopy03.obj;18764.970703125;29.00052833557129;27076.37109375;2.4999992847442627;303.7881774902344;11.499999046325684;;0.953125;89161;m2;190123;0;
..\..\world\azeroth\redridge\passivedoodads\trees\redridgetreecanopy03.obj;18693.080078125;33.7384147644043;27101.8203125;0;223.18394470214844;0;;0.958984375;365404;m2;190123;0;
..\..\world\azeroth\elwynn\passivedoodads\trees\elwynntreecanopy03.obj;18692.576171875;24.703102111816406;26995.7421875;0;292.9483947753906;0.9999998807907104;;1.0029296875;89702;m2;189929;0;
..\..\world\azeroth\redridge\passivedoodads\trees\redridgetreecanopy03.obj;19248.001953125;62.27716827392578;26844.40625;0;293.5;0;;1;21778;m2;190123;0;
..\..\world\azeroth\duskwood\passivedoodads\trees\duskwoodtreecanopy01.obj;18692.546875;133.41226196289062;27214.66015625;0;308.0824279785156;0;;1.193359375;559453;m2;189560;0;
..\..\world\azeroth\redridge\passivedoodads\trees\redridgetreecanopy01.obj;18957.81640625;66.40238189697266;26635.326171875;0;-138.5;0;;1.44921875;14945;m2;190121;0;
..\..\world\azeroth\redridge\passivedoodads\trees\redridgetreecanopy03.obj;19218.787109375;63.55356216430664;26725.953125;0;12;0;;1;21706;m2;190123;0;
..\..\world\azeroth\redridge\passivedoodads\trees\redridgetreecanopy01.obj;18838.326171875;51.44688415527344;26812.9765625;-5.000000953674316;105.5;-1.0000005960464478;;1.4599609375;21661;m2;190121;0;
..\..\world\azeroth\redridge\passivedoodads\trees\redridgetreecanopy01.obj;19084.357421875;63.83745193481445;26672.482421875;0;327.5;0;;1.2490234375;21601;m2;190121;0;
..\..\world\azeroth\redridge\passivedoodads\trees\redridgetreecanopy02.obj;18724.142578125;58.05431365966797;26716.6875;0;219.5;0;;1.19921875;357365;m2;190122;0;
..\..\world\azeroth\elwynn\passivedoodads\trees\elwynntreecanopy03.obj;18650.509765625;59.5782470703125;26680.828125;0;0;0;;1;20827;m2;189929;0;
..\..\world\azeroth\redridge\passivedoodads\trees\redridgetreecanopy01.obj;18656.513671875;38.41709518432617;27129.984375;0;152.69287109375;0;;1.20703125;365405;m2;190121;0;
..\..\world\azeroth\elwynn\passivedoodads\trees\elwynntreecanopy02.obj;18625.767578125;59.77351760864258;26635.5546875;0;224;0;;1.154296875;14587;m2;189928;0;
..\..\world\azeroth\elwynn\passivedoodads\waterfall\elwynntallwaterfall01.obj;19067.14453125;-7.478000164031982;27000.859375;-8;226;-1.999999761581421;;1;21682;m2;189959;0;
..\..\world\azeroth\elwynn\passivedoodads\waterfall\elwynntallwaterfall01.obj;19034.509765625;-42.293678283691406;26954.857421875;-10.500000953674316;216.5;-1.0000001192092896;;1;244797;m2;189959;0;
..\..\world\azeroth\elwynn\passivedoodads\waterfall\elwynntallwaterfall01.obj;19022.90625;-42.28414535522461;26963.86328125;-10.500000953674316;216.5;-1.0000001192092896;;1;244798;m2;189959;0;
..\..\world\azeroth\elwynn\passivedoodads\trees\elwynntreecanopy03.obj;18777.447265625;62.02833557128906;26696.06640625;-3.499999761581421;104.5;-9;;0.7197265625;21596;m2;189929;0;
..\..\world\azeroth\elwynn\passivedoodads\trees\elwynntreecanopy04.obj;18635.5703125;28.794795989990234;26916.81640625;0;97;0;;1.1494140625;21217;m2;189930;0;
..\..\world\azeroth\redridge\passivedoodads\trees\redridgetreecanopy01.obj;18938.423828125;48.72760009765625;26821.59765625;-0.5;35;-4.5;;1;21662;m2;190121;0;
..\..\world\azeroth\elwynn\passivedoodads\trees\elwynntreecanopy02.obj;18846.34375;115.39212799072266;27142.712890625;3.5;204.97817993164062;1.999999761581421;;1.033203125;89165;m2;189928;0;
..\..\world\azeroth\redridge\passivedoodads\trees\redridgetreecanopy02.obj;18804.71875;24.7244930267334;26907.87890625;0;308.7582092285156;0;;1;21670;m2;190122;0;
..\..\world\azeroth\duskwood\passivedoodads\trees\duskwoodtreecanopy02.obj;18650.83203125;107.54015350341797;27193.044921875;0;270;0;;0.939453125;365465;m2;189561;0;
..\..\world\azeroth\elwynn\passivedoodads\trees\elwynntreecanopy01.obj;18918.2265625;123.38581085205078;27094.66015625;0;327.5;-0.5;;1;89698;m2;189927;0;
..\..\world\azeroth\redridge\passivedoodads\trees\redridgetreecanopy01.obj;18966.33203125;89.0313949584961;27057.9296875;0;118.56812286376953;0;;1;21684;m2;190121;0;
..\..\world\azeroth\elwynn\passivedoodads\trees\elwynntreecanopy02.obj;18630.943359375;54.9627571105957;26762.4296875;0;39.716796875;0;;0.9658203125;20998;m2;189928;0;
..\..\world\azeroth\duskwood\passivedoodads\trees\duskwoodtree07.obj;18862.15234375;140.7463836669922;27156.30078125;-1.5000001192092896;139.3109130859375;-4.999999046325684;;0.9853515625;89169;m2;189559;0;
..\..\world\azeroth\duskwood\passivedoodads\trees\duskwoodtree07.obj;18644.912109375;31.018442153930664;27038.74609375;0;72.26861572265625;0;;1.0361328125;89703;m2;189559;0;
..\..\world\azeroth\redridge\passivedoodads\trees\redridgetreecanopy02.obj;18726.58203125;25.813100814819336;27039.171875;0;169.3446044921875;0;;1.130859375;365403;m2;190122;0;
..\..\world\azeroth\redridge\passivedoodads\trees\redridgetreecanopy03.obj;18820.328125;33.13248825073242;27038.65625;0;310;0;;0.5791015625;365417;m2;190123;0;
..\..\world\azeroth\redridge\passivedoodads\trees\redridgetreecanopy01.obj;18809.630859375;121.58954620361328;27178.4375;2.500000476837158;279.2259826660156;14.00000286102295;;0.9951171875;89170;m2;190121;0;
..\..\world\azeroth\redridge\passivedoodads\trees\redridgetreecanopy01.obj;18637.384765625;32.593387603759766;27091.54296875;0;263.9666442871094;0;;1.17578125;365407;m2;190121;0;
..\..\world\azeroth\elwynn\passivedoodads\waterfall\elwynntallwaterfall01.obj;19109.880859375;50.28730773925781;27013.51953125;-7.000000476837158;310.5;-0.49999985098838806;;0.849609375;21683;m2;189959;0;
..\..\world\azeroth\redridge\passivedoodads\trees\redridgetreecanopy04.obj;18991.751953125;58.46369934082031;26727.935546875;0;0;0;;1;21623;m2;190124;0;
..\..\world\azeroth\redridge\passivedoodads\trees\redridgetreecanopy04.obj;19010.509765625;113.03324127197266;27121.16015625;0;0;0;;1;21688;m2;190124;0;
..\..\world\azeroth\redridge\passivedoodads\trees\redridgetreecanopy04.obj;18720.556640625;59.95232391357422;26674.08203125;0;0;0;;1;357364;m2;190124;0;
..\..\world\azeroth\redridge\passivedoodads\trees\redridgetreecanopy04.obj;18835.935546875;43.11402893066406;27055.8671875;0;293.88226318359375;1;;0.9775390625;89162;m2;190124;0;
..\..\world\azeroth\redridge\passivedoodads\trees\redridgetreecanopy01.obj;18794.673828125;27.363140106201172;27053.072265625;0;254.93463134765625;0;;1.029296875;365445;m2;190121;0;
..\..\world\azeroth\duskwood\passivedoodads\trees\duskwoodtree06.obj;18628.16796875;93.63895416259766;27223.140625;0;287;0;;1;365464;m2;189558;0;
..\..\world\azeroth\elwynn\passivedoodads\trees\elwynntreecanopy04.obj;18795.27734375;70.47416687011719;27122.1640625;0;324.1856689453125;0.5;;0.966796875;89158;m2;189930;0;
..\..\world\azeroth\elwynn\passivedoodads\trees\elwynntreecanopy01.obj;18675.861328125;54.85752868652344;26746.53515625;0;2.28521728515625;0;;1.1865234375;21640;m2;189927;0;
..\..\world\azeroth\elwynn\passivedoodads\trees\elwynntreecanopy02.obj;18629.974609375;52.42202377319336;26790.59765625;0;334;0;;0.9248046875;21042;m2;189928;0;
..\..\world\azeroth\elwynn\passivedoodads\trees\elwynntreecanopy01.obj;18739.015625;60.42385482788086;26728.42578125;0;286.29046630859375;0;;0.9609375;21618;m2;189927;0;
..\..\world\azeroth\elwynn\passivedoodads\trees\elwynntreecanopy04.obj;18669.134765625;55.23345184326172;26767.39453125;0;150.56121826171875;0;;0.931640625;21651;m2;189930;0;
..\..\world\azeroth\redridge\passivedoodads\trees\redridgetreecanopy01.obj;19041.03125;88.5943832397461;26887.28515625;0;10.60211181640625;0;;1;21665;m2;190121;0;
..\..\world\azeroth\elwynn\passivedoodads\trees\elwynntreecanopy01.obj;18630.361328125;35.237892150878906;26890.666015625;0;62;0;;0.849609375;21163;m2;189927;0;
..\..\world\azeroth\redridge\passivedoodads\trees\redridgetreecanopy01.obj;18889.0703125;33.30922317504883;26963.53125;0;351.44140625;0;;1;21673;m2;190121;0;
..\..\world\azeroth\elwynn\passivedoodads\trees\elwynntreecanopy02.obj;18784.048828125;29.750810623168945;27009.4921875;0;96.078369140625;0.49999985098838806;;1.0263671875;89160;m2;189928;0;
..\..\world\azeroth\redridge\passivedoodads\trees\redridgetreecanopy01.obj;19187.359375;59.63669967651367;26790.3984375;0;353.5;0;;1;21654;m2;190121;0;
..\..\world\azeroth\elwynn\passivedoodads\trees\elwynntreecanopy04.obj;18660.318359375;40.01213836669922;26854.41015625;0;240.44314575195312;0;;0.8642578125;21120;m2;189930;0;
..\..\world\azeroth\redridge\passivedoodads\trees\redridgetreecanopy04.obj;18894.6875;41.69557189941406;27002.123046875;0;241.38800048828125;0;;0.83984375;21679;m2;190124;0;
..\..\world\critter\birds\bird01.obj;18690.642578125;45.7698860168457;26838.203125;0;74.5;0;;1;21664;m2;190719;0;
..\..\world\azeroth\redridge\passivedoodads\trees\redridgetreecanopy01.obj;18950.6875;37.80470657348633;26970.91015625;0;266.19586181640625;0;;1;21677;m2;190121;0;
..\..\world\azeroth\duskwood\passivedoodads\trees\duskwoodtree06.obj;18658.107421875;83.93150329589844;27172.74609375;0;207.57102966308594;0;;0.7802734375;365413;m2;189558;0;
..\..\world\azeroth\elwynn\passivedoodads\trees\elwynntreecanopy01.obj;18841.630859375;34.19267272949219;26988.41015625;0.5;0;2.0000009536743164;;1;89155;m2;189927;0;
..\..\world\azeroth\redridge\passivedoodads\trees\redridgetreecanopy01.obj;18842.064453125;56.25786590576172;26723.9609375;0;0;0;;1;21621;m2;190121;0;
..\..\world\azeroth\redridge\passivedoodads\trees\redridgetreecanopy02.obj;18936.328125;51.52643966674805;26752.71875;0;0;0;;1;21647;m2;190122;0;
..\..\world\azeroth\elwynn\passivedoodads\trees\elwynntreecanopy01.obj;18701.607421875;27.775100708007812;26898.44921875;0;0;0;;1;21666;m2;189927;0;
..\..\world\azeroth\redridge\passivedoodads\trees\redridgetreecanopy02.obj;19042.9375;77.86587524414062;27051.87890625;0;0;0;;1;21685;m2;190122;0;
..\..\world\azeroth\redridge\passivedoodads\rocks\redridgerock01.obj;19061.89453125;47.56945037841797;26970.8359375;-13.49999713897705;145.5;-68;;1.1396484375;244783;m2;190101;0;
..\..\world\azeroth\redridge\passivedoodads\trees\redridgetreecanopy01.obj;18711.1875;37.50602722167969;27102.7109375;0;308.5;0;;0.669921875;365501;m2;190121;0;
..\..\world\azeroth\redridge\passivedoodads\rocks\redridgerock01.obj;19121.896484375;74.21192169189453;27024.140625;-6.000000953674316;42;12.000000953674316;;1.1396484375;244795;m2;190101;0;
..\..\world\azeroth\redridge\passivedoodads\rocks\redridgerock01.obj;19105.736328125;96.41263580322266;26994.84765625;0.5000001192092896;44;16;;1.1396484375;244793;m2;190101;0;
..\..\world\azeroth\redridge\passivedoodads\rocks\redridgerock01.obj;19093.89453125;57.03874588012695;26723.50390625;0;291;0;;1.3095703125;21628;m2;190101;0;
..\..\world\azeroth\redridge\passivedoodads\trees\redridgetreecanopy01.obj;19049.30859375;149.7118682861328;27146.38671875;0;0;0;;0.8798828125;21690;m2;190121;0;
..\..\world\azeroth\redridge\passivedoodads\trees\redridgetreecanopy02.obj;18647.09375;35.349613189697266;27118.48828125;0;183.3565673828125;0;;0.6787109375;365406;m2;190122;0;
..\..\world\azeroth\redridge\passivedoodads\trees\redridgetreemid01.obj;18935.83203125;39.78570556640625;26867.27734375;0;72.81961059570312;0;;3.619140625;21667;m2;190126;0;
..\..\world\azeroth\redridge\passivedoodads\rocks\redridgerock01.obj;19071.05859375;76.48957061767578;27023.2265625;-2.4999985694885254;327;45;;0.75;244784;m2;190101;0;
..\..\world\azeroth\redridge\passivedoodads\rocks\redridgerock01.obj;19047.357421875;34.43782424926758;26967.484375;-1.0000007152557373;302.5;41;;0.75;244785;m2;190101;0;
..\..\world\azeroth\redridge\passivedoodads\rocks\redridgerock01.obj;19083.017578125;54.21609878540039;27002.20703125;-11.499998092651367;97;-9.999999046325684;;0.75;244792;m2;190101;0;
..\..\world\azeroth\redridge\passivedoodads\trees\redridgetreemid01.obj;18772.2890625;30.93697166442871;27078.9453125;0;165.72821044921875;0;;3.251953125;365449;m2;190126;0;
..\..\world\azeroth\redridge\passivedoodads\rocks\redridgerock01.obj;19021.126953125;31.267507553100586;26985.357421875;-45.000003814697266;4.5;-11.000001907348633;;0.75;244789;m2;190101;0;
..\..\world\azeroth\redridge\passivedoodads\trees\redridgetreemid01.obj;18916.05859375;32.33557891845703;26949.09765625;0;278.8525085449219;0;;2.669921875;21674;m2;190126;0;
..\..\world\azeroth\redridge\passivedoodads\trees\redridgefallentree02.obj;19063.787109375;56.41854476928711;26728.0078125;-35;83.5;7.500000476837158;;2.33984375;21626;m2;190116;0;
..\..\world\azeroth\redridge\passivedoodads\rocks\redridgerock02.obj;19196.072265625;132.75770568847656;26937.05078125;0;287.5;0;;2.6796875;351838;m2;190102;0;
..\..\world\azeroth\redridge\passivedoodads\trees\redridgetreemid01.obj;19064.130859375;63.29286575317383;26761.869140625;0;248.49998474121094;0;;2.419921875;21649;m2;190126;0;
..\..\world\azeroth\redridge\passivedoodads\trees\redridgetreemid01.obj;18796.287109375;27.596328735351562;27048.044921875;0;155.5325927734375;0;;2.3671875;365448;m2;190126;0;
..\..\world\azeroth\redridge\passivedoodads\trees\redridgefallentree01moss.obj;18750.564453125;26.260025024414062;27045.150390625;-0.9999997615814209;307.5;4.500000953674316;;2.529296875;365414;m2;190115;0;
..\..\world\azeroth\redridge\passivedoodads\trees\redridgetreemid01.obj;18963.482421875;70.2049560546875;27023.859375;0;89.88189697265625;0;;2.119140625;21680;m2;190126;0;
..\..\world\azeroth\redridge\passivedoodads\trees\redridgetreemid01.obj;18899.58203125;38.11726760864258;26999.3359375;0;257.3186340332031;0;;2.10546875;365693;m2;190126;0;
..\..\world\azeroth\redridge\passivedoodads\trees\redridgetreemid01.obj;18977.76953125;59.93056106567383;26826.5078125;0;288.8283996582031;0;;2.0791015625;21663;m2;190126;0;
..\..\world\azeroth\redridge\passivedoodads\trees\redridgetreemid01.obj;19012.77734375;87.0309066772461;26846.58203125;0;191.82839965820312;0;;2.0791015625;242390;m2;190126;0;
..\..\world\azeroth\redridge\passivedoodads\trees\redridgetreemid01.obj;19180.22265625;60.27373123168945;26728.08203125;0;286;0;;1.919921875;21638;m2;190126;0;
..\..\world\azeroth\redridge\passivedoodads\trees\redridgetreemid01.obj;18773.572265625;26.438968658447266;27007.93359375;0;297;0;;1.859375;365705;m2;190126;0;
..\..\world\azeroth\redridge\passivedoodads\trees\redridgetreemid01.obj;18697.47265625;33.573272705078125;27088.75390625;0;48.5;0;;1.8193359375;365421;m2;190126;0;
..\..\world\azeroth\redridge\passivedoodads\trees\redridgetreemid01.obj;18790.017578125;26.16517448425293;27055.45703125;0;158.966064453125;0;;1.796875;365446;m2;190126;0;
..\..\world\azeroth\redridge\passivedoodads\trees\redridgefallentree01.obj;19205.95703125;61.75295639038086;26714.6796875;39;213;-5.500002861022949;;1.8291015625;21708;m2;190114;0;
..\..\world\azeroth\redridge\passivedoodads\rocks\redridgerock03.obj;19038.552734375;39.25175094604492;26976.529296875;13.000001907348633;152.3743896484375;-13.500000953674316;;2.337890625;244800;m2;190103;0;
..\..\world\azeroth\redridge\passivedoodads\trees\redridgetreemid01.obj;19012.86328125;86.66826629638672;26848.74609375;9.999999046325684;248.32839965820312;-9.499998092651367;;1.419921875;242391;m2;190126;0;
..\..\world\azeroth\redridge\passivedoodads\trees\redridgetreemid01.obj;18691.380859375;22.711505889892578;26985.1171875;0;354.2593994140625;0;;1.5947265625;365492;m2;190126;0;
..\..\world\azeroth\redridge\passivedoodads\trees\redridgetreemid01.obj;18975.767578125;47.75959396362305;26880.669921875;0;25.35723876953125;0;;1.4892578125;21668;m2;190126;0;
..\..\world\azeroth\redridge\passivedoodads\trees\redridgetreemid01.obj;19005.61328125;62.78627014160156;26679.482421875;0;0;0;;1.4794921875;21599;m2;190126;0;
..\..\world\azeroth\redridge\passivedoodads\rocks\redridgerock03.obj;19040.455078125;41.63739776611328;26976.607421875;13;1.87432861328125;-13.5;;2.587890625;244799;m2;190103;0;
..\..\world\azeroth\redridge\passivedoodads\trees\redridgetreemid01.obj;19064.830078125;80.3205337524414;26904.11328125;0;273.4031066894531;0;;1.4697265625;21671;m2;190126;0;
..\..\world\azeroth\redridge\passivedoodads\trees\redridgetreemid01.obj;18851.923828125;53.85012435913086;26798.01953125;1.0000001192092896;345.5;2.5;;1.3994140625;21653;m2;190126;0;
..\..\world\azeroth\redridge\passivedoodads\trees\redridgetreemid01.obj;18753.37890625;30.516061782836914;27079.46484375;0;70.5;0;;1.419921875;365419;m2;190126;0;
..\..\world\azeroth\redridge\passivedoodads\trees\redridgetreemid01.obj;18890.27734375;33.24162292480469;26968.259765625;0;344.61865234375;0;;1.40234375;365692;m2;190126;0;
..\..\world\azeroth\redridge\passivedoodads\rocks\redridgerock03.obj;19083.861328125;76.83245086669922;27007.1640625;-1.0000001192092896;232.87437438964844;-2;;2.017578125;244790;m2;190103;0;
..\..\world\azeroth\elwynn\passivedoodads\trees\elwynntreemid01.obj;18728.5859375;25.590078353881836;27014.041015625;0;301.5;0;;1.349609375;365399;m2;189932;0;
..\..\world\azeroth\redridge\passivedoodads\trees\redridgetreemid01.obj;19077.455078125;139.5321502685547;27114.80859375;0;80.55419921875;0;;1.3291015625;21689;m2;190126;0;
..\..\world\azeroth\redridge\passivedoodads\trees\redridgetreemid01.obj;18910.25;32.290870666503906;26945.857421875;0;305.68194580078125;0;;1.2890625;21675;m2;190126;0;
..\..\world\azeroth\elwynn\passivedoodads\trees\elwynntreemid01.obj;18740.083984375;61.24296951293945;26735.435546875;0;49.295867919921875;0;;1.2470703125;21643;m2;189932;0;
..\..\world\azeroth\redridge\passivedoodads\trees\redridgetreestump01.obj;18970.859375;59.96907424926758;26666.44921875;0;0;0;;1;14947;m2;190128;0;
..\..\world\azeroth\redridge\passivedoodads\rocks\redridgerock03.obj;19123.3984375;124.90421295166016;27010.2578125;-49.99999237060547;217.37435913085938;18.9999942779541;;1.677734375;244794;m2;190103;0;
..\..\world\azeroth\redridge\passivedoodads\rocks\redridgerock03.obj;19116.259765625;126.21869659423828;27000.6640625;-10.5;315.3743896484375;-6.000000476837158;;1.677734375;244796;m2;190103;0;
..\..\world\azeroth\redridge\passivedoodads\rocks\redridgerock03.obj;19073.21484375;73.45042419433594;27017.3125;-0.9999997019767761;255.37435913085938;-1.999999761581421;;2.017578125;244801;m2;190103;0;
..\..\world\azeroth\redridge\passivedoodads\trees\redridgetreemid01.obj;18790.373046875;26.600444793701172;27052.484375;0;88.508544921875;0;;1.203125;365447;m2;190126;0;
..\..\world\azeroth\redridge\passivedoodads\trees\redridgefallentree02.obj;18872.228515625;33.460819244384766;26970.400390625;-2.499999761581421;5.94195556640625;-2;;1.0791015625;365686;m2;190116;0;
..\..\world\azeroth\redridge\passivedoodads\trees\redridgetreemid01.obj;18814.546875;31.76751708984375;27045.779296875;0;0;0;;1.189453125;365418;m2;190126;0;
..\..\world\azeroth\elwynn\passivedoodads\trees\elwynntreemid01.obj;18681.205078125;50.26546859741211;26812.900390625;0;320.08544921875;0;;1.1708984375;21660;m2;189932;0;
..\..\world\azeroth\redridge\passivedoodads\rocks\redridgerock03.obj;19025.173828125;41.609561920166016;26981.13671875;-1;225.37435913085938;-2;;1.677734375;244787;m2;190103;0;
..\..\world\azeroth\redridge\passivedoodads\trees\redridgetreemid01.obj;18898.64453125;53.37230682373047;26719.15234375;0;0;0;;1.1298828125;21622;m2;190126;0;
..\..\world\azeroth\redridge\passivedoodads\trees\redridgefallentree02.obj;19132.802734375;62.13908767700195;26714.69140625;0;269.5;0;;1;21629;m2;190116;0;
..\..\world\azeroth\redridge\passivedoodads\rocks\redridgerock03.obj;19034.6875;46.24956512451172;26995.9140625;-1;159.3743896484375;-2;;1.677734375;244788;m2;190103;0;
..\..\world\azeroth\redridge\passivedoodads\rocks\redridgerock03.obj;19032.330078125;69.52156066894531;27013.640625;-1;340.8743591308594;-2;;1.677734375;244791;m2;190103;0;
..\..\world\azeroth\redridge\passivedoodads\trees\redridgetreemid01.obj;18898.36328125;37.69587707519531;26997.9609375;0;23.32470703125;0;;1.025390625;365694;m2;190126;0;
..\..\world\azeroth\redridge\passivedoodads\trees\redridgetreemid01.obj;19001.0625;58.07320022583008;26716.03125;0;51;0;;1;21625;m2;190126;0;
..\..\world\azeroth\redridge\passivedoodads\trees\redridgetreemid01.obj;19038.298828125;56.56113815307617;26741.65625;0;0;0;;1;21648;m2;190126;0;
..\..\world\azeroth\redridge\passivedoodads\trees\redridgetreemid01.obj;19165.705078125;59.33924102783203;26764.978515625;0;0;0;;1;21650;m2;190126;0;
..\..\world\azeroth\redridge\passivedoodads\trees\redridgetreemid01.obj;18972.43359375;45.65541458129883;26878.541015625;0;137.16848754882812;0;;1;21669;m2;190126;0;
..\..\world\azeroth\redridge\passivedoodads\trees\redridgetreemid01.obj;19082.267578125;121.07917022705078;26945.39453125;0;159.130859375;0;;1;21676;m2;190126;0;
..\..\world\azeroth\redridge\passivedoodads\trees\redridgetreemid01.obj;18960.556640625;74.13111877441406;27030.134765625;0;335.587646484375;0;;1;21681;m2;190126;0;
..\..\world\azeroth\redridge\passivedoodads\trees\redridgetreemid01.obj;19130.4453125;112.34516143798828;27060.701171875;0;351.9248046875;0;;1;21686;m2;190126;0;
..\..\world\azeroth\redridge\passivedoodads\trees\redridgetreemid01.obj;18694.091796875;23.03983497619629;26985.5390625;0;89.96978759765625;0;;0.9697265625;365493;m2;190126;0;
..\..\world\azeroth\elwynn\passivedoodads\trees\elwynntreemid01.obj;18738.814453125;60.95167922973633;26735.77734375;0;332.1378173828125;0;;0.935546875;21642;m2;189932;0;
..\..\world\azeroth\redridge\passivedoodads\trees\redridgetreemid01.obj;19093.96875;61.47118377685547;26685.203125;0;358.5;-5.5;;0.859375;21604;m2;190126;0;
..\..\world\azeroth\redridge\passivedoodads\trees\redridgefallentree01.obj;19142.857421875;60.09811782836914;26718.384765625;7.499999523162842;125.5;5.5;;1;21634;m2;190114;0;
..\..\world\azeroth\redridge\passivedoodads\rocks\redridgerock03.obj;19029.044921875;45.375614166259766;26982.544921875;-0.9999998807907104;182.87435913085938;-2;;1.677734375;244786;m2;190103;0;
..\..\world\azeroth\redridge\passivedoodads\trees\redridgetreemid01.obj;18765.05078125;29.529937744140625;27059.125;0;96.61090087890625;0;;0.8466796875;365437;m2;190126;0;
..\..\world\azeroth\elwynn\passivedoodads\bush\elwynnbush09.obj;18771.919921875;62.08800506591797;26701.0703125;0;44.968414306640625;0;;1.2412109375;21620;m2;189700;0;
..\..\world\azeroth\redridge\passivedoodads\trees\redridgetreemid01.obj;18948.255859375;37.86711502075195;26976.1796875;0;281.0498046875;0;;0.8125;365701;m2;190126;0;
..\..\world\azeroth\elwynn\passivedoodads\bush\elwynnbush09.obj;18779.17578125;57.84081268310547;26686.31640625;0;314.37237548828125;0;;1.2099609375;21597;m2;189700;0;
..\..\world\azeroth\redridge\passivedoodads\bush\redridgebush02.obj;18811.951171875;32.32784652709961;27038.53515625;5;341.98187255859375;1.5;;1.205078125;365440;m2;190081;0;
..\..\world\azeroth\redridge\passivedoodads\trees\redridgetreemid01.obj;18698.314453125;27.53188705444336;27001.03125;0;1.81280517578125;0;;0.787109375;365494;m2;190126;0;
..\..\world\azeroth\redridge\passivedoodads\stumps\redridgestump02.obj;19062.44921875;61.45258331298828;26705.28125;1.5000003576278687;276.7071228027344;-4;;1.7333984375;21627;m2;190108;0;
..\..\world\azeroth\redridge\passivedoodads\trees\redridgetreemid01.obj;19182.408203125;57.71133041381836;26728.7265625;0;359;0;;0.76953125;21639;m2;190126;0;
..\..\world\azeroth\elwynn\passivedoodads\bush\elwynnbush09.obj;18723.033203125;58.64314270019531;26676.9296875;-10.00000286102295;243.19476318359375;-5.5;;1.1142578125;21594;m2;189700;0;
..\..\world\azeroth\elwynn\passivedoodads\bush\elwynnbush09.obj;18726.419921875;26.117265701293945;27012.013671875;-1.0000001192092896;196.60633850097656;8.5;;1.1962890625;365401;m2;189700;0;
..\..\world\azeroth\redridge\passivedoodads\rocks\redridgerock03.obj;18981.4140625;61.24861145019531;26667.419921875;0;0;0;;1.5390625;21598;m2;190103;0;
..\..\world\azeroth\redridge\passivedoodads\bush\redridgebush01.obj;18835.451171875;33.530582427978516;26985.5546875;8.5;228.56654357910156;3.499999761581421;;1.1337890625;365697;m2;190080;0;
..\..\world\azeroth\elwynn\passivedoodads\bush\elwynnbush09.obj;18673.7890625;54.79520797729492;26766.884765625;0;55.636474609375;0;;1.1181640625;21652;m2;189700;0;
..\..\world\azeroth\elwynn\passivedoodads\bush\elwynnbush09.obj;18718.501953125;57.15631103515625;26712.64453125;0;21.66571044921875;0;;1.16796875;21615;m2;189700;0;
..\..\world\azeroth\redridge\passivedoodads\bush\redridgebush01.obj;18719.86328125;26.714990615844727;27039.18359375;0;160.033203125;0;;1.2431640625;365442;m2;190080;0;
..\..\world\azeroth\redridge\passivedoodads\trees\redridgetreemid01.obj;18752.68359375;30.22683334350586;27078.2578125;0;302.5;0;;0.69921875;365420;m2;190126;0;
..\..\world\azeroth\redridge\passivedoodads\bush\redridgebush01.obj;18934.373046875;47.9487190246582;26825.7890625;0.9999998807907104;217.01956176757812;3.999999523162842;;1.0927734375;94354;m2;190080;0;
..\..\world\azeroth\elwynn\passivedoodads\bush\elwynnbush09.obj;18663.77734375;37.84233474731445;26860.546875;0;211.8558349609375;0;;1.0654296875;21124;m2;189700;0;
..\..\world\azeroth\redridge\passivedoodads\bush\redridgebush01.obj;18899.740234375;37.89006042480469;26997.74609375;16.5;131.4224853515625;-22.500001907348633;;1.001953125;365698;m2;190080;0;
..\..\world\azeroth\elwynn\passivedoodads\bush\elwynnbush09.obj;18686.857421875;52.22153091430664;26801.2109375;0;146.46319580078125;0;;1.033203125;21659;m2;189700;0;
..\..\world\azeroth\redridge\passivedoodads\bush\redridgebush02.obj;19159.15234375;61.00419235229492;26703.09375;0;41.5;0;;1;92263;m2;190081;0;
..\..\world\azeroth\redridge\passivedoodads\bush\redridgebush02.obj;19012.220703125;88.07320404052734;26845.5625;0;41.5;0;;1;242392;m2;190081;0;
..\..\world\azeroth\redridge\passivedoodads\stumps\redridgestump02.obj;18888.76953125;33.297061920166016;26969.625;0;214.04306030273438;0;;1.216796875;365687;m2;190108;0;
..\..\world\azeroth\redridge\passivedoodads\bush\redridgebush02.obj;18794.423828125;27.64017677307129;27048.888671875;-2.499999523162842;10.15167236328125;3;;1.0712890625;365451;m2;190081;0;
..\..\world\azeroth\redridge\passivedoodads\bush\redridgebush02.obj;18885.6328125;33.34740447998047;26966.7109375;0;187.27867126464844;0;;1.1279296875;365688;m2;190081;0;
..\..\world\azeroth\elwynn\passivedoodads\bush\elwynnbush09.obj;18717.408203125;57.21413040161133;26715.013671875;0;209.77935791015625;0;;1;21616;m2;189700;0;
..\..\world\azeroth\redridge\passivedoodads\bush\redridgebush02.obj;18937.08203125;38.83258819580078;26871.32421875;3.5;21.204254150390625;0.9999998807907104;;0.951171875;94355;m2;190081;0;
..\..\world\azeroth\redridge\passivedoodads\bush\redridgebush01.obj;19170.744140625;58.259765625;26755.513671875;6.500000476837158;25.5;-11.499999046325684;;1;92461;m2;190080;0;
..\..\world\azeroth\redridge\passivedoodads\bush\redridgebush03.obj;19129.013671875;63.60975646972656;26711.416015625;-13.500000953674316;243;7.000001430511475;;1.369140625;21632;m2;190082;0;
..\..\world\azeroth\redridge\passivedoodads\bush\redridgebush02.obj;19005.994140625;63.66080093383789;26665.0546875;10.5;0;-3;;1.0185546875;14948;m2;190081;0;
..\..\world\azeroth\elwynn\passivedoodads\bush\elwynnbush09.obj;18720.814453125;58.57769012451172;26724.3359375;0;119.8095703125;0;;0.9560546875;21617;m2;189700;0;
..\..\world\azeroth\redridge\passivedoodads\trees\redridgefallentree01.obj;19074.2578125;62.42220687866211;26683.890625;-13.000000953674316;44;4.500000953674316;;0.7392578125;21603;m2;190114;0;
..\..\world\azeroth\redridge\passivedoodads\bush\redridgebush02.obj;18910.111328125;32.75983428955078;26947.7578125;0.4999999403953552;277.94061279296875;2;;1.0419921875;94356;m2;190081;0;
..\..\world\azeroth\redridge\passivedoodads\trees\redridgetreestump01.obj;18762.544921875;29.34605598449707;27059.4453125;0;321.68463134765625;0;;0.361328125;365402;m2;190128;0;
..\..\world\azeroth\elwynn\passivedoodads\bush\elwynnbush09.obj;18677.16015625;27.651870727539062;27062.40625;0;228.2808837890625;0;;0.8955078125;365384;m2;189700;0;
..\..\world\azeroth\elwynn\passivedoodads\bush\elwynnbush09.obj;18738.431640625;60.86094284057617;26737.21875;0;1.175567626953125;0;;1.2275390625;21644;m2;189700;0;
..\..\world\azeroth\elwynn\passivedoodads\bush\elwynnbush09.obj;18680.041015625;50.144344329833984;26812.7578125;0;130.08209228515625;0;;0.8935546875;21657;m2;189700;0;
..\..\world\azeroth\redridge\passivedoodads\bush\redridgebush03.obj;18695.595703125;23.77610206604004;26985.33203125;8;136.79495239257812;-10;;1.2353515625;365495;m2;190082;0;
..\..\world\azeroth\redridge\passivedoodads\bush\redridgebush03.obj;18692.310546875;23.499826431274414;26984.359375;-9.5;298.00225830078125;9.499999046325684;;1.2470703125;365496;m2;190082;0;
..\..\world\azeroth\elwynn\passivedoodads\bush\elwynnbush09.obj;18717.857421875;59.76631164550781;26676.328125;0;237.12515258789062;0;;0.89453125;21593;m2;189700;0;
..\..\world\azeroth\redridge\passivedoodads\bush\redridgebush03.obj;18836.767578125;41.06382369995117;27050.75390625;-18.999998092651367;0;24.5;;1.2890625;365415;m2;190082;0;
..\..\world\azeroth\elwynn\passivedoodads\bush\elwynnbush09.obj;18736.720703125;60.58601760864258;26734.484375;0;335.6865234375;0;;0.9150390625;21645;m2;189700;0;
..\..\world\azeroth\redridge\passivedoodads\bush\redridgebush01.obj;19156.08984375;60.99888229370117;26704.84765625;10;11.5;15.499998092651367;;1;92265;m2;190080;0;
..\..\world\azeroth\redridge\passivedoodads\bush\redridgebush03.obj;18772.94140625;32.298152923583984;27076.701171875;-10.5;52.7689208984375;-5.5;;1.1943359375;365454;m2;190082;0;
..\..\world\azeroth\redridge\passivedoodads\bush\redridgebush02.obj;18896.9921875;38.14834213256836;26997.9921875;0.0000034150946248701075;78.35711669921875;-19.500011444091797;;0.865234375;365699;m2;190081;0;
..\..\world\azeroth\redridge\passivedoodads\bush\redridgebush02.obj;18895.3359375;38.16320037841797;26998.015625;4.5;190.2890167236328;0.49999988079071045;;0.8720703125;365700;m2;190081;0;
..\..\world\azeroth\elwynn\passivedoodads\bush\elwynnbush09.obj;18701.25390625;55.41707229614258;26698.6015625;0;224.91897583007812;0;;0.8173828125;21595;m2;189700;0;
..\..\world\azeroth\redridge\passivedoodads\bush\redridgebush01.obj;18781.95703125;25.97870635986328;26999.375;-21;0;10.999999046325684;;1;365702;m2;190080;0;
..\..\world\azeroth\redridge\passivedoodads\bush\redridgebush02.obj;19158.064453125;58.77465057373047;26721.4140625;0;358;0;;1;92269;m2;190081;0;
..\..\world\azeroth\redridge\passivedoodads\bush\redridgebush01.obj;18834.6796875;39.248775482177734;27050.884765625;20.500001907348633;178.8739013671875;-9;;1.0009765625;94358;m2;190080;0;
..\..\world\azeroth\redridge\passivedoodads\bush\redridgebush03.obj;18727.27734375;26.331045150756836;27033.90625;-2.499999523162842;67.58993530273438;-7.000000476837158;;1.2041015625;365500;m2;190082;0;
..\..\world\azeroth\elwynn\passivedoodads\bush\elwynnbush09.obj;18774.2890625;62.4675178527832;26702.435546875;0;41.59552001953125;0;;0.7900390625;21619;m2;189700;0;
..\..\world\azeroth\redridge\passivedoodads\bush\redridgebush02.obj;19072.048828125;64.32259368896484;26675.87890625;0;0;0;;1;21602;m2;190081;0;
..\..\world\azeroth\redridge\passivedoodads\bush\redridgebush02.obj;19166.90625;59.38674545288086;26764.34375;0;0;0;;1;92458;m2;190081;0;
..\..\world\azeroth\redridge\passivedoodads\bush\redridgebush03.obj;18773.939453125;26.354494094848633;27005.98828125;-7.499998569488525;317.2508850097656;17.999998092651367;;1.0517578125;365706;m2;190082;0;
..\..\world\azeroth\elwynn\passivedoodads\bush\elwynnbush09.obj;18730.3359375;25.499120712280273;27011.546875;-6.5;189.5529022216797;12.5;;0.8330078125;365400;m2;189700;0;
..\..\world\azeroth\redridge\passivedoodads\bush\redridgebush03.obj;18772.64453125;27.086942672729492;27010.07421875;-13.5;8.58056640625;9.5;;1.23046875;365707;m2;190082;0;
..\..\world\azeroth\elwynn\passivedoodads\bush\elwynnbush09.obj;18735.796875;60.46933364868164;26736.43359375;0;346.81597900390625;0;;0.8671875;21646;m2;189700;0;
..\..\world\azeroth\elwynn\passivedoodads\bush\elwynnbush09.obj;18681.48828125;49.94162368774414;26815.451171875;0;126.09393310546875;0;;0.744140625;21658;m2;189700;0;
..\..\world\azeroth\redridge\passivedoodads\rocks\redridgerock03.obj;19168.58984375;58.49072265625;26769.25;0;0;0;;1;21655;m2;190103;0;
..\..\world\azeroth\redridge\passivedoodads\bush\redridgebush03.obj;18683.55859375;34.00354766845703;27093.46484375;0;129.31304931640625;0;;1.125;365430;m2;190082;0;
..\..\world\azeroth\redridge\passivedoodads\bush\redridgebush01.obj;18717.486328125;26.434688568115234;27023.640625;-0.49999988079071045;116.5025634765625;3.000000238418579;;0.791015625;365441;m2;190080;0;
..\..\world\azeroth\redridge\passivedoodads\bush\redridgebush01.obj;18790.86328125;26.93729591369629;27051.4609375;-1.999999761581421;355.6492919921875;10.5;;0.9306640625;365450;m2;190080;0;
..\..\world\azeroth\redridge\passivedoodads\bush\redridgebush03.obj;18883.68359375;33.39883804321289;26964.1328125;0;310.6918640136719;0;;1.109375;365689;m2;190082;0;
..\..\world\azeroth\redridge\passivedoodads\bush\redridgebush03.obj;18763.439453125;29.29330062866211;27057.5546875;0.5000002980232239;303.3527526855469;6.500000476837158;;1.0556640625;365436;m2;190082;0;
..\..\world\azeroth\redridge\passivedoodads\bush\redridgebush03.obj;18739.779296875;25.8508243560791;27034.41015625;0;75.31549072265625;0;;1.2353515625;365456;m2;190082;0;
..\..\world\azeroth\redridge\passivedoodads\bush\redridgebush03.obj;18832.7890625;39.63787078857422;27052.873046875;-23.5;0;27.000001907348633;;1;365416;m2;190082;0;
..\..\world\azeroth\redridge\passivedoodads\bush\redridgebush03.obj;18698.43359375;28.59938621520996;27001.4296875;0;75.03890991210938;-15.000000953674316;;1.029296875;365498;m2;190082;0;
..\..\world\azeroth\redridge\passivedoodads\bush\redridgebush03.obj;18767.23828125;30.615936279296875;27068.640625;4.000000476837158;219.19491577148438;5.999999523162842;;0.99609375;365433;m2;190082;0;
..\..\world\azeroth\redridge\passivedoodads\bush\redridgebush03.obj;18713.09375;35.156822204589844;27099.20703125;-12.5;345.40966796875;2.499999761581421;;1.078125;365502;m2;190082;0;
..\..\world\azeroth\redridge\passivedoodads\bush\redridgebush02.obj;19027.732421875;62.52394485473633;26680.353515625;3.999999523162842;0;0.5;;0.7890625;21600;m2;190081;0;
..\..\world\azeroth\redridge\passivedoodads\stumps\redridgestump02.obj;18716.228515625;35.427757263183594;27099.75390625;8.499999046325684;173.9967041015625;-1.999999761581421;;0.9765625;365504;m2;190108;0;
..\..\world\azeroth\redridge\passivedoodads\stumps\redridgestump02.obj;19128.189453125;64.6462631225586;26725.015625;-7.500000476837158;0;-15.500000953674316;;1;21630;m2;190108;0;
..\..\world\azeroth\redridge\passivedoodads\bush\redridgebush03.obj;18792.21875;27.151002883911133;27049.509765625;0;325.1392822265625;0;;0.984375;365452;m2;190082;0;
..\..\world\azeroth\elwynn\passivedoodads\bush\elwynnbush09.obj;18674.439453125;27.609846115112305;27063.34375;0;134.76263427734375;0;;0.6240234375;365385;m2;189700;0;
..\..\world\azeroth\redridge\passivedoodads\stumps\redridgestump02.obj;19192.365234375;61.18077850341797;26716.98046875;3;0;-6;;1;21636;m2;190108;0;
..\..\world\generic\human\passivedoodads\signposts\woodsignpostnice01.obj;19153.443359375;61.03741455078125;26703.00390625;0;66.5;0;;1;120340;m2;198480;0;
..\..\world\azeroth\redridge\passivedoodads\bush\redridgebush03.obj;18775.86328125;28.92974281311035;27014.8828125;6.5;184.0595703125;-9.5;;1.0625;94357;m2;190082;0;
..\..\world\azeroth\redridge\passivedoodads\bush\redridgebush03.obj;18784.783203125;26.99814224243164;27000.259765625;-21;0;10;;1;365703;m2;190082;0;
..\..\world\azeroth\redridge\passivedoodads\bush\redridgebush03.obj;18698.103515625;33.99589538574219;27089.02734375;0;205.03311157226562;0;;0.9755859375;365429;m2;190082;0;
..\..\world\azeroth\elwynn\passivedoodads\elwynnfences\elwynnwoodfence01.obj;19136.75;59.49082565307617;26697.857421875;18.999996185302734;0;-8.000000953674316;;1;92277;m2;189795;0;
..\..\world\azeroth\redridge\passivedoodads\bush\redridgebush03.obj;19133.224609375;61.95977783203125;26686.7265625;-9;297;-4.999999523162842;;0.9091796875;92455;m2;190082;0;
..\..\world\azeroth\redridge\passivedoodads\bush\redridgebush03.obj;18778.880859375;25.5965518951416;27000.375;7.000002861022949;271;20.500001907348633;;1;365704;m2;190082;0;
..\..\world\azeroth\redridge\passivedoodads\stumps\redridgestump02.obj;18991.1640625;59.68416976928711;26702.6015625;0;0;0;;1;21624;m2;190108;0;
..\..\world\azeroth\redridge\passivedoodads\bush\redridgebush03.obj;18842.705078125;33.77947235107422;26980.0390625;8.5;184.51002502441406;-9.000001907348633;;1.0068359375;365695;m2;190082;0;
..\..\world\azeroth\redridge\passivedoodads\bush\redridgebush02.obj;19182.82421875;58.53506851196289;26761.875;0;359.5;0;;0.7294921875;92459;m2;190081;0;
..\..\world\azeroth\redridge\passivedoodads\bush\redridgebush03.obj;18813.501953125;31.928144454956055;27043.982421875;-7.000000476837158;112.77810668945312;-3.0000007152557373;;0.9013671875;365438;m2;190082;0;
..\..\world\azeroth\redridge\passivedoodads\bush\redridgebush01.obj;18840.572265625;33.41545104980469;26980.2421875;9.000000953674316;271.12884521484375;11.5;;0.7666015625;365696;m2;190080;0;
..\..\world\azeroth\redridge\passivedoodads\bush\redridgebush03.obj;18699.05078125;26.0516357421875;26991.478515625;7.999999046325684;103.32955932617188;-17;;0.84765625;365497;m2;190082;0;
..\..\world\azeroth\redridge\passivedoodads\bush\redridgebush03.obj;18760.15625;29.179561614990234;27061.494140625;-0.9999997019767761;326.5785827636719;8.499998092651367;;0.83203125;365435;m2;190082;0;
..\..\world\azeroth\elwynn\passivedoodads\elwynnfences\elwynnwoodfence01.obj;18663.28515625;56.04449462890625;26706.4375;6.500001907348633;271.9999694824219;-0.5000020265579224;;1;20958;m2;189795;0;
..\..\world\azeroth\redridge\passivedoodads\bush\redridgebush03.obj;18761.55078125;29.428857803344727;27062.041015625;0;274.24908447265625;4.999997138977051;;1.0146484375;365434;m2;190082;0;
..\..\world\azeroth\redridge\passivedoodads\bush\redridgebush03.obj;18753.455078125;30.59162712097168;27077.0703125;11.000000953674316;209.3618621826172;-4.499999523162842;;0.8017578125;365431;m2;190082;0;
..\..\world\azeroth\elwynn\passivedoodads\bush\elwynnbush09.obj;18669.294921875;54.86368942260742;26742.1484375;0;89.94781494140625;0;;0.7705078125;21641;m2;189700;0;
..\..\world\azeroth\elwynn\passivedoodads\elwynnfences\elwynnwoodfence01.obj;18673.736328125;55.82057571411133;26720.837890625;2;276.5;0;;1;21606;m2;189795;0;
..\..\world\azeroth\elwynn\passivedoodads\elwynnfences\elwynnwoodfence01.obj;18669.669921875;55.749263763427734;26720.4375;1.5;264.5;-3.000000238418579;;1;21605;m2;189795;0;
..\..\world\azeroth\redridge\passivedoodads\bush\redridgebush03.obj;18724.30078125;26.44156837463379;27034.5625;0;217.6018524169922;0;;0.83984375;365443;m2;190082;0;
..\..\world\azeroth\elwynn\passivedoodads\elwynnfences\elwynnwoodfence01.obj;18665.486328125;55.678138732910156;26720.009765625;0.9999997019767761;264.0000305175781;-3;;1;20955;m2;189795;0;
..\..\world\azeroth\elwynn\passivedoodads\elwynnfences\elwynnwoodfence01.obj;19159.416015625;60.91525650024414;26701.2109375;-1.999999761581421;103;0.49999988079071045;;1;92257;m2;189795;0;
..\..\world\azeroth\redridge\passivedoodads\bush\redridgebush02.obj;19138.72265625;60.88092041015625;26714.26953125;0;343;0;;0.5693359375;92457;m2;190081;0;
..\..\world\azeroth\elwynn\passivedoodads\elwynnfences\elwynnwoodfence01.obj;19137.912109375;61.10557174682617;26703.1171875;3.500000238418579;0;-91.00000762939453;;1;92279;m2;189795;0;
..\..\world\azeroth\elwynn\passivedoodads\elwynnfences\elwynnwoodfence01.obj;19153.46875;60.22730255126953;26705.92578125;0;177.5;0;;1;92259;m2;189795;0;
..\..\world\azeroth\elwynn\passivedoodads\elwynnfences\elwynnwoodfence01.obj;19182.232421875;58.45845031738281;26761.1015625;0;265.5;0;;1;92283;m2;189795;0;
..\..\world\azeroth\redridge\passivedoodads\bush\redridgebush03.obj;18709.451171875;35.92815399169922;27102.19140625;-10.999998092651367;91.1893310546875;-17.500001907348633;;0.8828125;365503;m2;190082;0;
..\..\world\azeroth\elwynn\passivedoodads\elwynnfences\elwynnwoodfence01.obj;19163.48828125;61.1668701171875;26700.25;-1.5000003576278687;102.5;3.500000238418579;;1;92256;m2;189795;0;
..\..\world\azeroth\elwynn\passivedoodads\elwynnfences\elwynnwoodfence01.obj;19135.05859375;61.95554733276367;26686.22265625;0;189.5;0;;1;92274;m2;189795;0;
..\..\world\azeroth\redridge\passivedoodads\bush\redridgebush03.obj;18680.236328125;26.240854263305664;26995.07421875;-11.000000953674316;333.2144775390625;1.5000005960464478;;0.78515625;365499;m2;190082;0;
..\..\world\azeroth\redridge\passivedoodads\bush\redridgebush03.obj;18751.966796875;30.681182861328125;27078.900390625;-15.499999046325684;72.92947387695312;-10.000000953674316;;0.7822265625;365432;m2;190082;0;
..\..\world\azeroth\redridge\passivedoodads\bush\redridgebush03.obj;18788.845703125;26.72512435913086;27052.859375;0;112.56936645507812;0;;0.85546875;365453;m2;190082;0;
..\..\world\azeroth\elwynn\passivedoodads\elwynnfences\elwynnwoodfence01.obj;19135.765625;61.95563507080078;26690.39453125;0;196.5;0;;1;92275;m2;189795;0;
..\..\world\azeroth\elwynn\passivedoodads\elwynnfences\elwynnwoodfence01.obj;19133.794921875;62.15279769897461;26682.201171875;0;198;0;;1;92273;m2;189795;0;
..\..\world\azeroth\elwynn\passivedoodads\elwynnfences\elwynnwoodfence01.obj;19178.18359375;58.3636360168457;26759.8125;0;252;0;;1;92282;m2;189795;0;
..\..\world\azeroth\elwynn\passivedoodads\elwynnfences\elwynnwoodfence01.obj;19153.326171875;60.05220031738281;26710.08984375;0;200;0;;1;92260;m2;189795;0;
..\..\world\azeroth\redridge\passivedoodads\bush\redridgebush03.obj;18728.318359375;27.28647804260254;27046.55078125;0;129.98321533203125;0;;0.7900390625;365444;m2;190082;0;
..\..\world\azeroth\elwynn\passivedoodads\elwynnfences\elwynnwoodfence01.obj;18694.89453125;56.67390060424805;26719.078125;-2.5;296.5;-0.9999998807907104;;1;21609;m2;189795;0;
..\..\world\generic\human\passivedoodads\lampposts\duskwoodlamppost.obj;18677.576171875;27.278396606445312;27060.603515625;0;100.5;0;;1;365383;m2;198303;0;
..\..\world\generic\human\passivedoodads\lampposts\duskwoodlamppost.obj;18731.171875;25.26021385192871;27012.576171875;0;323;0;;1;365398;m2;198303;0;
..\..\world\azeroth\elwynn\passivedoodads\elwynnfences\elwynnwoodfence01.obj;19154.7734375;59.97055435180664;26714.03515625;0;203;0;;1;92267;m2;189795;0;
..\..\world\azeroth\elwynn\passivedoodads\elwynnfences\elwynnwoodfence01.obj;19174.34765625;58.22624969482422;26758.0703125;0;245.5;0;;1;92281;m2;189795;0;
..\..\world\azeroth\elwynn\passivedoodads\elwynnfences\elwynnwoodfence01.obj;18698.65625;56.581947326660156;26717.19140625;-0.9999998807907104;297;-1.5000001192092896;;1;21610;m2;189795;0;
..\..\world\azeroth\elwynn\passivedoodads\elwynnfences\elwynnwoodfence01.obj;19155.36328125;60.60573959350586;26702.171875;-2.5;152.5;-0.5;;1;92258;m2;189795;0;
..\..\world\azeroth\elwynn\passivedoodads\elwynnfences\elwynnwoodfence01.obj;19156.42578125;59.78128433227539;26717.890625;0;205;0;;1;92268;m2;189795;0;
..\..\world\azeroth\elwynn\passivedoodads\elwynnfences\elwynnwoodfence01.obj;19167.31640625;61.34199905395508;26698.265625;-2.500000238418579;117.5;3.000000238418579;;1;92255;m2;189795;0;
..\..\world\azeroth\redridge\passivedoodads\bush\redridgebush03.obj;19171.302734375;62.00153350830078;26695.37890625;0;1.5;0;;1;92264;m2;190082;0;
..\..\world\azeroth\westfall\passivedoodads\westfallfence\westfallfence.obj;18676.865234375;27.497777938842773;27061.138671875;2.5;121;0.49999988079071045;;1;365378;m2;190659;0;
..\..\world\azeroth\elwynn\passivedoodads\elwynnfences\elwynnwoodfence01.obj;19131.865234375;62.25520706176758;26678.43359375;0;208;0;;1;92272;m2;189795;0;
..\..\world\azeroth\westfall\passivedoodads\westfallfence\westfallfence.obj;18720.892578125;26.12987518310547;27021.25;3.999999523162842;123.5;2;;1;365394;m2;190659;0;
..\..\world\azeroth\redridge\passivedoodads\bush\redridgebush03.obj;18891.787109375;33.286869049072266;26957.2578125;0;155.4832763671875;0;;0.7861328125;365690;m2;190082;0;
..\..\world\azeroth\westfall\passivedoodads\westfallfence\westfallfence.obj;18669.798828125;27.50969886779785;27065.66015625;-0.5;120.5;-0.5;;1;365380;m2;190659;0;
..\..\world\azeroth\redridge\passivedoodads\bush\redridgebush03.obj;19130.974609375;63.5211181640625;26722.47265625;0;0;0;;1;21631;m2;190082;0;
..\..\world\azeroth\elwynn\passivedoodads\elwynnfences\elwynnwoodfence01.obj;18708.365234375;55.38581466674805;26693.92578125;0;122.5;-2.5;;1;21590;m2;189795;0;
..\..\world\azeroth\westfall\passivedoodads\westfallfence\westfallfence.obj;18673.236328125;27.513450622558594;27063.31640625;1.0000001192092896;123.5;1;;1;365379;m2;190659;0;
..\..\world\azeroth\elwynn\passivedoodads\elwynnfences\elwynnwoodfence01.obj;18704.822265625;55.39506912231445;26696.1953125;1.0000001192092896;123;-3.000000238418579;;1;21591;m2;189795;0;
..\..\world\azeroth\elwynn\passivedoodads\elwynnfences\elwynnwoodfence01.obj;19170.740234375;58.31814956665039;26755.837890625;0;238;0;;1;92280;m2;189795;0;
..\..\world\azeroth\redridge\passivedoodads\bush\redridgebush03.obj;18866.060546875;33.4306526184082;26969.53125;0;282.36822509765625;0;;0.8271484375;365691;m2;190082;0;
..\..\world\azeroth\elwynn\passivedoodads\elwynnfences\elwynnwoodfence01.obj;19158.236328125;59.58155059814453;26721.7421875;0;214;0;;1;92270;m2;189795;0;
..\..\world\azeroth\elwynn\passivedoodads\elwynnfences\elwynnwoodfence01.obj;19170.75;61.54816436767578;26695.83984375;-2;126;0.9999998807907104;;1;92254;m2;189795;0;
..\..\world\azeroth\redridge\passivedoodads\bush\redridgebush01.obj;19180.435546875;61.458984375;26717.50390625;9.5;0;0.5;;0.619140625;21637;m2;190080;0;
..\..\world\azeroth\elwynn\passivedoodads\elwynnfences\elwynnwoodfence01.obj;18702.298828125;56.49785614013672;26715.341796875;-3;309;0;;1;21613;m2;189795;0;
..\..\world\azeroth\westfall\passivedoodads\westfallfence\westfallfence.obj;18730.54296875;25.543685913085938;27013.203125;2.5;129;0.5000001192092896;;1;365397;m2;190659;0;
..\..\world\azeroth\westfall\passivedoodads\westfallfence\westfallfence.obj;18724.173828125;25.96623992919922;27018.66796875;2;129;-1.0000001192092896;;1;365395;m2;190659;0;
..\..\world\azeroth\redridge\passivedoodads\bush\redridgebush03.obj;18812.21875;31.84571647644043;27045.16796875;5.499999523162842;274.5347595214844;4.999999523162842;;0.796875;365439;m2;190082;0;
..\..\world\azeroth\elwynn\passivedoodads\elwynnfences\elwynnwoodfence01.obj;19167.994140625;58.09135818481445;26752.61328125;0;220;0;;1;92284;m2;189795;0;
..\..\world\azeroth\westfall\passivedoodads\westfallfence\westfallfence.obj;18727.251953125;25.804990768432617;27015.8671875;1;131.5;1;;1;365396;m2;190659;0;
..\..\world\azeroth\redridge\passivedoodads\bush\redridgebush03.obj;18746.353515625;26.505678176879883;27037.1015625;0;350.03509521484375;0;;0.7705078125;365455;m2;190082;0;
..\..\world\azeroth\elwynn\passivedoodads\elwynnfences\elwynnwoodfence01.obj;18701.392578125;55.42671585083008;26698.416015625;0;135;0;;1;21592;m2;189795;0;
..\..\world\azeroth\redridge\passivedoodads\bush\redridgebush03.obj;18694.658203125;34.08659362792969;27088.50390625;0;4.2847900390625;0;;0.7744140625;365428;m2;190082;0;
..\..\world\azeroth\redridge\passivedoodads\stumps\redridgestump02.obj;19133.876953125;62.0561408996582;26713.19140625;0;281.5;0;;0.5595703125;21633;m2;190108;0;
..\..\world\azeroth\elwynn\passivedoodads\elwynnfences\elwynnwoodpost01.obj;19160.55078125;59.25076675415039;26725.1875;0;359.5;0;;1.119140625;92271;m2;189796;0;
..\..\world\azeroth\redridge\passivedoodads\bush\redridgebush02.obj;19137.00390625;61.35869216918945;26694.6875;0;298.5;0;;0.3193359375;92456;m2;190081;0;
..\..\world\azeroth\elwynn\passivedoodads\elwynnfences\elwynnwoodpost01.obj;19137.9921875;61.27204132080078;26698.94140625;53.499996185302734;0;-95.49999237060547;;1;92278;m2;189796;0;
..\..\world\azeroth\elwynn\passivedoodads\elwynnfences\elwynnwoodpost01.obj;18667.404296875;56.45674514770508;26706.30078125;0;358;0.999999463558197;;1;21608;m2;189796;0;
..\..\world\azeroth\westfall\passivedoodads\westfallfence\westfallfencepost.obj;18717.548828125;26.44720458984375;27023.482421875;0;116.5;0.5000003576278687;;1;365393;m2;190661;0;
..\..\world\azeroth\elwynn\passivedoodads\elwynnfences\elwynnwoodpost01.obj;18677.83203125;55.8709716796875;26720.3828125;0;2.5;0;;1;21607;m2;189796;0;
..\..\world\azeroth\elwynn\passivedoodads\elwynnfences\elwynnwoodpost01.obj;18698.470703125;55.193355560302734;26701.322265625;0;221;0;;1;21611;m2;189796;0;
..\..\world\azeroth\elwynn\passivedoodads\elwynnfences\elwynnwoodpost01.obj;18705.5078125;56.16616439819336;26712.7578125;0;35;0;;1;21614;m2;189796;0;
..\..\world\azeroth\elwynn\passivedoodads\elwynnfences\elwynnwoodpost01.obj;19136.900390625;61.75685501098633;26694.3828125;0;5;0;;1;92276;m2;189796;0;
..\..\world\azeroth\elwynn\passivedoodads\elwynnfences\elwynnwoodpost01.obj;19186.4609375;58.32101821899414;26761.42578125;0;0;0;;1;92285;m2;189796;0;
..\..\world\azeroth\elwynn\passivedoodads\detail\elwynnrock2\elwynnrock2.obj;18668.83984375;15.85986042022705;26945.25;0;289.50958251953125;0;;4.0888671875;314044;m2;189770;0;
..\..\world\azeroth\elwynn\passivedoodads\detail\elwynnrock1\elwynnrock1.obj;18673.01953125;15.681296348571777;26954.1171875;0;122.06182861328125;0;;3.9296875;314041;m2;189768;0;
..\..\world\azeroth\elwynn\passivedoodads\detail\elwynnrock2\elwynnrock2.obj;18674.271484375;15.736851692199707;26952.95703125;0;168.030029296875;0;;4.0361328125;314043;m2;189770;0;
..\..\world\azeroth\elwynn\passivedoodads\elwynnfences\elwynnwoodpost01.obj;19167.515625;57.95832061767578;26752.0859375;-29.000003814697266;231;-4.000000476837158;;0.849609375;92291;m2;189796;0;
..\..\world\wmo\azeroth\collidabledoodads\elwynn\lionbridge\elwynnlionbridge_set0.obj;18778.1640625;10.061582565307617;26962.15234375;0;64.5;0;0;1;21672;wmo;108114;0;Set_$DefaultGlobal